{
  "totalQualifyingSupply": 189518371.6614899,
  "totalHolders": 1270,
  "tot": 189518371.6614899
}