{
  "totalQualifyingSupply": 602524227.5663279,
  "totalHolders": 1270,
  "tot": 602524227.5663279
}