{
  "totalQualifyingSupply": 602524227.5663283,
  "totalHolders": 1270,
  "tot": 602524227.5663283
}