{
  "totalQualifyingSupply": 602524353.7427046,
  "totalHolders": 1270,
  "tot": 602524353.7427046
}