{
  "totalQualifyingSupply": 920516148.6880883,
  "totalHolders": 1270,
  "tot": 920516148.6880883
}