{
  "totalQualifyingSupply": 920516148.688089,
  "totalHolders": 1270,
  "tot": 920516148.688089
}