{
  "totalQualifyingSupply": 189518250.4342106,
  "totalHolders": 1270,
  "tot": 189518250.4342106
}