{
  "totalQualifyingSupply": 189518087.8545722,
  "totalHolders": 1270,
  "tot": 189518087.8545722
}