{
  "totalQualifyingSupply": 920516148.6880895,
  "totalHolders": 1270,
  "tot": 920516148.6880895
}