{
  "totalQualifyingSupply": 189518250.43421066,
  "totalHolders": 1270,
  "tot": 189518250.43421066
}